workerid,anon_workerid
A18SXC3JEN1O0U,0
A2WJMGV0HKQG3Z,1
A2W2V66VVLL73O,2
APS21FRK7TBKW,3
A2XFO0X6RCS98M,4
AK3H5QRAROFGP,5
ATGO5J2TL18KM,6
AU5UJIZ3TLI5M,7
A1KFUXSVGSHL5Z,8
A3914P24XPNPY3,9
A26ST4UX73VPLW,10
A1N0D7925N0060,11
A1160COTUR26JZ,12
A2O5OJXCUFQ3FV,13
A1SBGJGUDG8CAB,14
A2MKXI4KCRRI7Y,15
A3EVRS5DB4TE1A,16
A3AIRKDB2DMC7U,17
A2VNSNAN1LZBAM,18
A196XR61DIW5GU,19
A2C84POENS2UNY,20
A1XKKCQI4Z31TS,21
A1PKCBFB4QY19G,22
AMPMTF5IAAMK8,23
A397QMUM40C4SH,24
A35G3ORSCNBH3C,25
APRZ7BR8C0ZMQ,26
A1BWS5AD2T4NIR,27
A39L9VT9UNW52,28
A1EXO9HRNQYHWC,29
A1SX9DT3XHX845,30
A1N7O7E8HC03D8,31
A2SL8R5B6QX4Q0,32
A11EL5LWS2L1HX,33
A90JBLDKW71DX,34
A12OZ7P7Z41SJI,35
A3E8NUUS90EWXW,36
A12QYIZ5MFSRGU,37
A13FUEPWBCLBUY,38
AR5NSQY1VD4RB,39
A3A8P4UR9A0DWQ,40
A2JJF5OFND2KL5,41
AZ69TBTDH7AZS,42
A19BZSL0LVFBO2,43
A3UPZ88FI1EJC,44
A1J8TVICSRC70W,45
A3VG22WR5I4UG2,46
A3C2X1L5PVNNLV,47
A272X64FOZFYLB,48
A2GOS6NF74E2ST,49
A6KB4VHCZYTY2,50
A2WHC086WNUQNB,51
A3KF6O09H04SP7,52
A143XRCI1YXAFE,53
AT6LDQNLKTUSE,54
A2TVJTQ4VXATE6,55
AWQ2DG8RUK1ZS,56
A3CJS37DSXQOAZ,57
A3CGQOJC28OVGN,58
A3W3LV2UA53QK7,59
ARG392N6HWZCJ,60
A3EZ3BRM1C5WKV,61
A2090SRVQLWA3F,62
A2JTSH1VPJQ8FR,63
A229SEF35EGTSF,64
A1TLNLB9D87H6,65
A2RWLFIP23FZA7,66
A2BZY06YRWGEDL,67
A1ONTPD4RQHVYK,68
A1K8VUKRL53OX,69
A13WTEQ06V3B6D,70
A1U43WUOJQBK5T,71
A2PIFMM4Q2I9ZS,72
A3774HPOUKYTX7,73
A3P57IUDHUKNCE,74
AN9MVFWRCF2OP,75
A3ANRGP4MFZ876,76
A3PLWSCPFLCEGI,77
A397D1I20OGUK7,78
A3GZYWA9S6J0K9,79
A2C73Y1COWCA51,80
A2A6FH0F7LD9ND,81
A34OKMM1CM7ZSR,82
A21D9YDJU8K2QI,83
AZB6CQ1A5ABK4,84
APO6KZZ79PO9Q,85
A1RVPFV5X3EVTM,86
ACVJ6IUO9QM4R,87
A173A97OFDAX9F,88
A23KH0CK7RRUGX,89
A1R780RJYQ68GY,90
A2XPWASDT8AYXH,91
A8FTJT8WT1986,92
A3FYWUZK52IC2J,93
AV7OKGJ2PJO30,94
A19L8SNH73AX1Z,95
A90T7I7KQIZQA,96
A3RYI5HXC2MJLN,97
A39XIQCFSCNHFU,98
AQWH9UY6FVU21,99
A2MOC4PTJYY15B,100
A2ZQCHONMAJZF,101
A1KYT873YSD49A,102
A3HN4CIWMVWYVF,103
A32CVZVH3C1I20,104
A1YZ0ETOCJO1B2,105
A18VIO909RWY6D,106
A3PIUNG7VXQWTR,107
A394TR8TDF3VN0,108
A21KF567E8ZCLO,109
A1KS9LITOVPAT8,110
A15EF7P9VE9KDO,111
AUFOO8PU2BK37,112
A1CA6ZXKK09ZRI,113
AC3W6TPL0I3AY,114
ANPKT83QAFZS4,115
A1NLKLRUV2JP9U,116
A2JDYN6QM8M5UN,117
A2VRDE2FHCBMF8,118
A1NZFJHVJ9CNTO,119
ASF5V3K4IFP4K,120
A1ZJE1T7Q75321,121
A2RMQ5CCDH4DD1,122
A38RNGF4CCP1XI,123
A3TK7HVFEKB00R,124
ARLGZWN6W91WD,125
A1QGG767E07WBA,126
A2AJ5QFNC9KF43,127
A3I27FWCMDH483,128
A122LRCSBAD6DC,129
A3GITKS8VABUNB,130
A1FYWSPNO7KN1O,131
AWLT46A9EWTK8,132
AIQM86IRETAJN,133
ARWN6TT8EWCFJ,134
A37GOGQDYDT44K,135
A1EGURYLHYQKD7,136
